"Year","January","February","March","April","May","June","July","August","September","October","November","December","Min","Max","Mean"
1881,-5.4055997298376,0.0574337920698405,2.79940692653983,5.55034705263422,11.8603109658585,15.1058799396042,18.6588954041691,15.8942138357759,12.0724986952384,4.96347783858913,5.73310829102743,0.934606743454562,-5.4055997298376,18.6588954041691,7.35204831292695
1882,0.432475586305445,1.71399765003363,6.1579512312205,7.72834137587461,12.008456808902,14.3608281259158,16.782337853716,14.8863512167076,13.1375623424867,8.92973014459829,3.93519535142045,0.620919724367365,0.432475586305445,16.782337853716,8.39117895096236
1883,-0.287403956986126,2.47607555616336,-1.46087892091331,6.08904725888424,12.4243425257394,16.2833417526507,16.6742860093273,15.9215200542558,13.3830570773898,8.56898546760703,4.35881251343137,0.861242579604413,-1.46087892091331,16.6742860093273,7.94103565976283
1884,2.91879638183325,2.85378576232965,4.87003988244586,6.08426694724856,12.7140989609353,13.1155787141051,18.2427638060524,17.0230137620952,14.278960544567,7.90531505457671,1.75119745020276,1.71986614680871,1.71986614680871,18.2427638060524,8.62314028443338
1885,-2.78693787101978,3.15399647784138,2.67387713750652,9.28644164296699,9.9812532967907,16.7188212211452,17.3174257541801,14.5605267050513,12.7589911332029,7.42861070099887,2.70714227902083,-0.256024928621865,-2.78693787101978,17.3174257541801,7.7953436290886
1886,-1.22725570257575,-2.70809398749103,0.591408947175993,8.75503079795592,12.7490266617918,14.3196682695931,16.8429025154688,16.9341716368548,15.1920022997296,9.50290564131475,5.1165826130398,0.813856149683368,-2.70809398749103,16.9341716368548,8.07351715354509
1887,-3.71078472689316,-0.692233109965588,1.26619146364948,7.12569194229465,10.0662405840867,15.5016301845086,18.7620326930001,15.7181081375261,12.1891393597039,5.49300396591712,3.07041777490001,-0.781219247396756,-3.71078472689316,18.7620326930001,7.00068491844426
1888,-1.88491583938733,-2.40362207405464,0.860718721305711,5.73542337072255,12.1430959271901,15.8805823562739,14.67797701945,15.0753995919655,12.5498379862854,6.4464444897196,3.2900366449625,0.621864734596138,-2.40362207405464,15.8805823562739,6.91607024408578
1889,-2.37979224287823,-2.47076775801486,0.455886777392319,6.93683976969213,15.9011244672805,18.6879188842963,16.3855993391068,15.3658068729539,11.1740605018657,8.04920360700301,2.76078654100021,-1.51120978613073,-2.47076775801486,18.6879188842963,7.44628808113059
1890,2.11220977775793,-2.43089619679433,4.2642827439346,6.85571234402168,13.6706898909582,13.9064205435065,15.4757928345562,16.5616829889786,13.1371637971214,7.22475753761481,2.92902068919322,-5.27063267681264,-5.27063267681264,16.5616829889786,7.36968368950302
1891,-4.50617773225454,-0.516567262903185,2.72187617742525,5.09415187704261,12.7059745522644,14.7864555976366,16.2084674144509,14.9819418201913,13.8391355919431,9.92423786571701,2.70301923232571,1.70273511525162,-4.50617773225454,16.2084674144509,7.47043752075757
1892,-1.69610078620609,0.679124372388732,0.650577862870252,7.05624401693539,12.2319048403167,15.1284719915825,16.0261599819147,18.103456850766,13.7790640882158,7.45266994694435,3.04077498653374,-1.85019020214734,-1.85019020214734,18.103456850766,7.55017982917624
1893,-7.20302565147375,1.97999821380228,4.47759661515533,8.89461349751467,12.3327150484367,15.8588111179644,17.4407989885655,17.0195429566596,12.4589517810345,9.81316232350832,2.15693058668222,0.309784177079176,-7.20302565147375,17.4407989885655,7.96165663791074
1894,-1.78855437995216,1.75478073027577,4.80636221298733,9.97181212549155,11.3567368958675,14.2503035140649,17.8537514338423,15.4258769812142,11.0530436529976,8.0137548387817,4.886352891268,0.536783392826741,-1.78855437995216,17.8537514338423,8.17675035747212
1895,-4.05088430741579,-6.70339405475254,1.49741308334008,8.58873439519066,12.2638373108793,15.7535624876152,17.252115109279,16.501031808274,15.2805404922649,7.07655336405221,4.86749622526186,-0.0440523802480025,-6.70339405475254,17.252115109279,7.35691279447842
1896,-0.741817400356682,-0.0859878371099325,5.42630762231966,5.92686553001231,10.7432195655632,16.6962196799915,17.0531689659311,14.281112912814,12.7714735852058,8.57159108352428,1.24443390091626,-0.424729070088724,-0.741817400356682,17.0531689659311,7.62182154489357
1897,-2.83632791240933,1.28974303871304,5.1431363957321,7.25271013639294,10.701406072514,17.0384015763195,16.5177319196323,17.1387437448193,12.3089614097565,7.34985556916911,2.78718849688671,1.29074219306006,-2.83632791240933,17.1387437448193,7.99852438671553
1898,2.34068149024708,1.24135996628552,3.00768316201651,7.34569037937165,11.3521809753198,14.8657661253185,14.3915730540911,18.0566087920001,13.6496451327508,8.91089161966269,4.69344325891773,3.0601351370209,1.24135996628552,18.0566087920001,8.57630492441686
1899,2.1706742617282,2.19009106817414,2.70918077716346,7.1890609344605,11.1067163825031,14.8079935138695,17.3388241237165,16.8278138893618,12.5075491971879,7.79817807833035,6.41649972230207,-3.21037027320452,-3.21037027320452,17.3388241237165,8.15435097296608
1900,0.790864156872814,1.28474698788456,0.694773418028875,6.5192702824146,10.9252414855583,16.0227790445517,18.4635049106483,16.209174078922,13.8152915270037,8.66929135396578,4.75426524477886,2.85859230874428,0.694773418028875,18.4635049106483,8.41731623328114
1901,-3.734629070926,-3.99733996087111,2.26682472655825,8.05520216129924,12.9062329927464,15.6744439761878,18.5317128240623,16.3866501257316,13.4095689960732,9.08725771204818,2.71595325743854,0.960516657689162,-3.99733996087111,18.5317128240623,7.68853286650312
1902,2.78565934418635,-1.10459722636986,3.56099586104498,7.89347423828436,8.63212504500381,15.365394372919,15.8323885091668,14.7613667761643,12.0555501907603,7.06591851031111,1.62663695252342,-1.81368171631273,-1.81368171631273,15.8323885091668,7.22176923814016
1903,0.391372944128294,3.78154969397409,5.85221865292783,4.67735854849108,12.6589263835357,14.8622794115595,16.2472884681401,15.4515479915044,13.5221798310369,9.66485125717619,4.47290756705917,-0.810313617245739,-0.810313617245739,16.2472884681401,8.39768059435729
1904,-1.30138318685582,1.24447269489789,3.17589414545789,8.89988473442868,12.337595275507,15.2562409469081,18.786786044214,16.5539705221558,11.8879049296266,8.28887450007396,3.31140794243978,2.39411308306098,-1.30138318685582,18.786786044214,8.40298013599291
1905,-1.77322377987346,1.43257382717979,4.68192674914807,5.93490621066528,12.1009651049531,17.0783390035808,18.6651487707332,16.500840071113,12.7593090205776,4.46879512591299,3.12430763906526,1.03053142172965,-1.77322377987346,18.6651487707332,8.00036826373209
1906,1.07719416248259,0.460413393133745,2.37067202898106,7.99862267410544,13.1629562130376,14.7633514092821,17.2681618630042,16.5025665428422,12.5167559300369,9.89977951621951,6.26808762416167,-2.17403873258108,-2.17403873258108,17.2681618630042,8.34287688539216
1907,-0.28905730624639,-1.38934616790817,2.78171547544955,6.14605654990329,12.9880321962138,14.645746756237,14.4892663471978,15.7181907491704,13.1377981764038,11.1982947393686,3.40243536894751,1.56337736496764,-1.38934616790817,15.7181907491704,7.86604252080874
1908,-2.28103951125165,1.34396279126884,2.47348556947611,5.42047317493853,13.2378796716745,17.0867011998225,17.2059592021278,14.486016304636,12.0869057752796,8.09648760964882,1.51988177603872,-0.476854505823284,-2.28103951125165,17.2059592021278,7.51665492148638
1909,-1.62021892085749,-2.33192884234852,1.68179697072031,7.84799345805087,10.9540305272353,14.0914549975858,15.03829468355,16.2538025079332,12.7169599473072,10.2167394635267,2.01820302927969,1.9054596249543,-2.33192884234852,16.2538025079332,7.39771562057811
1910,1.43999854871436,2.56428665124211,3.84224580871497,7.2822655685272,12.3859803015883,16.5654616344267,15.5253617748107,15.8322832909577,12.0216121550755,9.13335584686704,2.19704970374236,2.65032528334957,1.43999854871436,16.5654616344267,8.45335221400137
1911,-1.06435754096393,1.39005199509912,4.10566866590567,7.28381369957829,13.2093557687209,14.9769519094174,19.2248049834916,19.4522652615245,14.3841519607706,8.53657630552912,4.74469541142552,3.0046315548572,-1.06435754096393,19.4522652615245,9.10405083127967
1912,-1.44359299252309,2.387969121107,6.15343382556105,6.92777509538017,11.9494062288063,15.5904622623869,17.9467902864336,13.9636938568753,9.06652163113343,6.51511597725947,2.57349170953076,3.11871237472195,-1.44359299252309,17.9467902864336,7.89581494805607
1913,-0.146913645713265,1.41516705135039,6.14107194190392,7.82439611167085,12.4209392609049,14.7824991696972,14.6148765151283,14.8614323631117,12.6310530472812,9.50514704035411,6.81769256746385,2.01665768916252,-0.146913645713265,14.8614323631117,8.57366825935963
1914,-3.03330644733647,3.18801042692916,4.8162666793189,9.82523953190456,10.9198636349682,14.5562074557009,17.543852828472,17.2113088642853,12.381435265683,8.2241460439907,3.43825588956833,3.56407286570305,-3.03330644733647,17.543852828472,8.55294608659896
1915,0.210976464054166,1.08604700490925,1.88549188815053,6.87540517383332,13.1553372425015,17.573009715241,16.1930416435252,15.2300527765606,11.8425983036704,6.4050317747828,1.5167668146792,3.55855881753711,0.210976464054166,17.573009715241,7.96102646828708
1916,3.81335322338914,0.963689112287645,4.07317270578254,8.27673840297179,13.1662458868611,12.8068977932085,16.0447302980997,15.935437883579,11.9794523071255,8.53285264147942,4.54359689983059,1.8279897181994,0.963689112287645,16.0447302980997,8.49701307273453
1917,-2.5981401216289,-3.67912269782837,0.126023226152167,4.35820464802137,15.0782999305057,18.7984923374909,17.3388687786594,16.6687741939085,14.5427250120708,7.23915457029386,5.08116649874547,-2.08746731118634,-3.67912269782837,18.7984923374909,7.57224825543372
1918,0.753582024152742,1.81787202451556,4.1896847081939,9.07834514363542,14.054499683229,12.9763962344719,16.5411849747281,15.9195770060535,12.9446013569521,7.88236353030815,2.97217187687516,3.93233073683447,0.753582024152742,16.5411849747281,8.58855077499584
1919,0.686419594588937,-0.335932995258203,3.13273960865524,5.53906693496845,11.6022679129117,15.0314314979221,14.3571806543624,16.1150827651457,14.7657982210587,6.00636500392126,0.531994708389268,0.788631409728638,-0.335932995258203,16.1150827651457,7.35175377636619
1920,2.35586221717373,3.07527651177914,6.24152044498651,9.39324007892761,13.8694551817875,14.9451140515151,17.3955520885954,15.0025414244369,13.0318314387544,6.95956606559253,1.19816775187481,0.595102748232641,0.595102748232641,17.3955520885954,8.67193583363801
1921,4.26883726901533,1.34269877729185,5.73513422996737,7.81025640310017,14.023798293623,14.4358344752905,18.7594041914246,17.2847347077753,13.4666313148369,11.0086343122999,-0.1875649938739,0.561259046114601,-0.1875649938739,18.7594041914246,9.04247150223879
1922,-2.61953597932476,-1.14275738690438,3.59315048994845,5.5743499217143,13.5871840313924,15.6872309190825,15.7150520648725,15.3653893492379,11.2202817168709,5.04789158896241,2.55199482002663,2.22390909370002,-2.61953597932476,15.7150520648725,7.23367838579824
1923,1.52805223511944,1.06365450470691,5.04313723301228,6.86374130275214,11.4965049134392,11.2360750537953,18.659674353829,15.7494974923459,13.0863743814593,10.3138042383123,2.94226897346659,-1.66996424813635,-1.66996424813635,18.659674353829,8.02606836950849
1924,-2.87203735385972,-2.54211575119382,2.2936483925616,6.34921895713963,13.7137771662531,15.1832697465553,16.8025746365506,14.5435547567282,13.5780710739235,9.37168039341005,2.95852616361013,1.46097437085372,-2.87203735385972,16.8025746365506,7.57009521271103
1925,2.48733753275859,3.73876467682381,1.40565582760959,8.20625448293763,13.9503065840922,15.027118109533,17.9110995442405,16.5462814991781,10.9936492298418,8.48989542370563,1.99195010926506,-0.425775112125771,-0.425775112125771,17.9110995442405,8.36021149232168
1926,-0.000536138407995506,4.51372134757454,4.11333759415913,9.75138555914966,10.783123222524,13.8444135270986,17.4353189897936,16.0153163663157,14.6026566900082,7.85506540553665,6.06333410549172,0.538561496833685,-0.000536138407995506,17.4353189897936,8.79297484717311
1927,1.80693072622892,0.952733859331348,5.94831916004052,7.1625869724786,10.9736022305144,14.1442745385888,17.3341855915245,16.4613184930073,13.5449052896571,8.56004164073424,2.68614636215717,-2.59480774651622,-2.59480774651622,17.3341855915245,8.08168642647889
1928,1.60869989924729,2.59491603475271,3.04139624842661,7.54771827196535,10.137596670974,14.1470238876035,18.4313583754532,16.2355712902208,12.4924918295409,8.66195929143769,6.18924681066025,-0.305349941250841,-0.305349941250841,18.4313583754532,8.39855238908596
1929,-4.69367630190091,-9.52023957376857,2.68438388738023,4.52021529264338,13.1829884204151,14.5498028205178,17.6016642339026,17.1873802340477,15.5466864636913,9.70395196244519,4.73644261979386,3.57276997401641,-9.52023957376857,17.6016642339026,7.42269750276535
1930,2.28895097166365,-0.116253561929428,4.27411604145095,8.35853342003835,11.706383982272,18.3001663396622,16.3851248803387,15.9647393407256,13.180280656316,8.73352804749053,5.93776580157018,0.570435636877168,-0.116253561929428,18.3001663396622,8.79864762970633
1931,0.181683100615959,-1.07250092798553,0.255166995531715,5.83269104640486,15.1926735193398,16.1132513543007,16.8727074570964,15.4570131983266,10.1909967262345,7.29378682288454,4.6726940606135,0.0708581842742039,-1.07250092798553,16.8727074570964,7.58841846146976
1932,1.84054668813825,-1.81666578287092,0.885866710577361,7.02058118408163,12.5650064331027,14.6423320485734,17.9403708593006,18.7701523570833,15.0174681763759,8.51378051537386,4.1924926668211,0.810224307359972,-1.81666578287092,18.7701523570833,8.36517968032643
1933,-2.58319578680614,0.187566110247472,5.17902529423421,7.06294839842256,11.4966704158212,14.3449644574564,18.0916297100499,16.9533302819122,13.5450144151737,8.84307136697153,2.54821757004546,-4.04058743577363,-4.04058743577363,18.0916297100499,7.63572123314625
1934,0.449917248808969,1.24796750236532,4.18763588359573,10.4099407484727,13.3673703541416,16.4178664426477,18.3245097026818,16.4296511611681,15.632988001775,9.62278155639222,4.0786055377711,4.83734799876083,0.449917248808969,18.3245097026818,9.58388184488175
1935,-0.752386667150428,1.95122256860813,2.83625674359411,7.35581114308281,10.5253444710203,17.2591027705601,17.800063912387,16.6495591719857,13.6708648825156,8.58048383630614,5.1890369324287,0.390885088877291,-0.752386667150428,17.800063912387,8.45468707118463
1936,3.07462092139893,0.311490554084113,5.07597564072866,6.26650795555717,12.3541145343466,16.2172535535566,16.8036865446284,16.2031127286124,13.0051646232379,6.38186506950821,3.75946001010318,1.54395972124152,0.311490554084113,16.8036865446284,8.41643432141698
1937,-0.814973639629029,2.29680047334239,2.96117615537687,8.05592082678627,14.7202806004973,16.3484737777803,17.1675040398769,17.0652110085598,13.3219819538212,9.44523210802031,3.30779563665389,-0.479433886961594,-0.814973639629029,17.1675040398769,8.61633075451038
1938,1.7035358341962,0.99281418240986,6.97573227128994,5.00474263402762,10.7557999793471,15.9984591253771,16.7460278032838,17.6838231887537,13.8001783406781,8.65414942102076,7.00941102921271,-1.92694758346986,-1.92694758346986,17.6838231887537,8.61647718551059
1939,2.56880684783549,1.69316556099167,1.82547536582166,8.68162756103075,10.5177193604296,16.3548231524715,17.0349006287974,17.5078447570911,13.3585660739653,6.52981805901709,5.49214324189303,-1.56897123384398,-1.56897123384398,17.5078447570911,8.33299328129172
1940,-9.03225482343156,-4.2318573944399,2.84305992414242,7.97931666773652,12.276008573749,16.7213752047848,16.1772153735805,14.5250053725478,12.4211826303436,7.63990281968055,5.45927608755718,-2.83102178882119,-9.03225482343156,16.7213752047848,6.66226738728581
1941,-5.37199325710362,-0.136250603539462,3.35048129655627,5.55468165212125,9.25288931435126,16.3447470437032,18.567275462388,14.9801653907447,12.2741623709542,7.97697451598228,2.0014959405866,1.53408232696907,-5.37199325710362,18.567275462388,7.19405928780948
1942,-7.88559571089274,-5.31857422349241,1.51678774668367,7.54693681046489,12.1398151843551,14.4267220760083,16.0813705160158,17.6475318375788,15.1387043926509,11.1307449281753,3.29673153727432,2.08663589196853,-7.88559571089274,17.6475318375788,7.31731758223254
1943,-0.370249202490629,2.98995319603799,5.71222931429544,9.29582504193378,12.8127799655599,14.3660050292629,17.7123928630238,17.962772569585,13.7605197277165,9.86994806071956,2.71876121606573,0.170538901432587,-0.370249202490629,17.962772569585,8.91678972359521
1944,3.14387431866325,-1.0203182781054,1.03406167405799,8.64114422709271,11.5996056410357,14.1757813917271,17.4154617739734,19.6548786920567,12.8321967720058,8.63141000773089,4.14049645132751,-0.371648576763242,-1.0203182781054,19.6548786920567,8.32307867456687
1945,-4.01515616670807,4.04619777116016,6.14172083404269,8.93533601449053,14.0605205649967,16.6808396803822,17.8886651800292,16.2454313807029,13.8175100403848,9.70257463655063,3.56630003097937,1.25908379220939,-4.01515616670807,17.8886651800292,9.02741864660171
1946,-1.77167174151486,2.53822853841581,3.81531245900816,10.1502259261017,13.8285219492999,14.6451201915697,18.3437891951784,16.1472267885002,14.0920014624494,7.02317591535656,3.95284968308945,-2.32819736368381,-2.32819736368381,18.3437891951784,8.36971525031421
1947,-4.70039742899166,-6.55647064077052,2.68125859956517,9.45236740970631,14.6677465720354,17.8516091129575,18.8570642724175,18.8815572294957,16.7454793847665,7.74180344568703,5.25086086357078,1.43046862571622,-6.55647064077052,18.8815572294957,8.52527895384632
1948,3.10885423789363,0.543010524611851,5.73950762343603,9.99893888691973,13.5695070931586,15.5943117975568,16.1721757841827,16.4340505103223,13.8214876794222,8.71870149007962,4.22217759828972,0.885039756853836,0.543010524611851,16.4340505103223,9.06731358189391
1949,1.24475597469181,1.72987945956355,2.10368598644164,10.2953477922317,12.1754886227578,14.0843171840593,17.6036982665509,16.9724504120814,16.3233643033968,10.6412896347505,3.72500313980067,2.99773794804956,1.24475597469181,17.6036982665509,9.15808489369798
1950,-1.01132226076812,3.023318252987,4.87189055073499,6.76649093086019,13.7559961820024,17.5629857969372,17.9775837768593,17.4813166509909,12.8939992129566,7.74713412949375,4.29291074872385,-1.98926690538455,-1.98926690538455,17.9775837768593,8.61441975553279
1951,1.47016966087362,1.88716198301438,2.27767420311859,7.28837548108724,11.5260620201338,15.2930084314114,17.1109719985599,17.1716826261572,14.4866004471076,7.31365269059986,6.47729854341158,2.50003404939395,1.47016966087362,17.1716826261572,8.73355767790576
1952,0.204941627616849,-0.0447369963410853,2.61639617865326,10.3035559289205,12.2885409834693,15.2210520146357,18.2749963020125,17.7876308599147,10.4779759030764,7.16563523051719,1.64676600530836,-0.527888128204341,-0.527888128204341,18.2749963020125,7.95123882579828
1953,-0.788845195267693,-0.0705196439884681,4.83109072488927,9.04930742974522,13.2020848276459,16.0915096998909,17.4082516752581,16.37983187414,13.4952007100136,10.3815996516914,4.84586565002247,2.52908292701987,-0.788845195267693,17.4082516752581,8.94620502758838
1954,-3.24802555379107,-3.50960472002746,4.36131012020552,5.84453214179061,12.1699982975303,15.9850378032001,14.3956053954335,15.7557667672333,13.4864128963475,9.89904996609015,4.04890497707248,3.23978615864227,-3.50960472002746,15.9850378032001,7.70239785414393
1955,-1.6912565621834,-1.88717537949724,0.47576632068389,6.938181092539,10.2576662768662,14.5596383507813,17.3683220626118,16.8021297616822,13.3728419801118,7.97747213950204,3.82217090004828,2.5868212099815,-1.88717537949724,17.3683220626118,7.54854817942728
1956,0.226475636542256,-9.60793043876272,2.97272476088674,5.30418835454908,12.5077155368501,13.2119890148841,16.8652149158673,14.1207860386321,13.7589897377359,8.23257243171282,2.51024607664463,2.01453378844163,-9.60793043876272,16.8652149158673,6.84312548783199
1957,0.277338453766783,3.82791966575775,6.39600645263925,7.46208125525044,9.70682578711314,16.7353597374289,17.6969319263305,15.0535828614329,11.7647527372085,9.1480082500007,4.50826144352685,0.513350153361819,0.277338453766783,17.6969319263305,8.5908682269848
1958,-0.394686061796859,1.88835817729687,-0.297012305227698,5.21658763672088,13.342323954865,14.5198265155469,16.9490886205251,16.9147071054387,14.4833146805916,9.29699528053072,4.25506652191023,2.44388185418487,-0.394686061796859,16.9490886205251,8.21820433171552
1959,-0.0718595713683671,-0.0277692344189137,6.24792703382333,9.4051395048325,12.6717510040385,16.1253614957173,19.2897050820116,17.3500160478701,13.4932068668138,8.45285666042428,3.29618953790507,2.17312553899912,-0.0718595713683671,19.2897050820116,9.03380416388736
1960,-0.0923277226258224,0.381472385104227,4.27909283483532,7.41209255853286,12.7916520375213,16.2401308389826,15.4127634990497,15.7783992877537,12.4543006896398,9.05887977493909,6.00073010831615,1.15260966277145,-0.0923277226258224,16.2401308389826,8.40581632956836
1961,-0.77137506523808,4.43421657089112,6.06479013572312,10.5745916165927,10.2927840403234,16.0068416954365,15.1397049424649,15.756189035537,16.3214907494495,10.5076055740532,3.72971200352774,-0.610885200514648,-0.77137506523808,16.3214907494495,8.95380550818721
1962,1.67584865323483,0.342206456546554,0.241715252174835,8.19357806102656,9.75399843149513,14.2119061241463,15.0169245024463,15.802608965038,12.3347395919096,8.95181508388152,2.6539155407574,-3.33315796965138,-3.33315796965138,15.802608965038,7.15384155775047
1963,-7.38093792125659,-5.70962676840551,2.47457263824194,8.42060853523414,11.965936930475,15.8345911142246,17.7064406382308,15.9447682548011,13.7060217190478,8.12818285082737,7.38884547436109,-3.12798413633154,-7.38093792125659,17.7064406382308,7.11261827745418
1964,-2.55280809817389,0.565285247402338,0.602315637881904,8.62662020691984,13.5620790225033,16.9283623078791,18.061899844545,15.8827361199878,13.5546891876429,7.07787403398799,4.9417448360745,0.426752497188134,-2.55280809817389,18.061899844545,8.13979590365324
1965,1.22860372366405,-1.74018247126036,2.30440967560975,6.67515705980692,11.1756010973952,15.5279978119078,14.9847123803038,14.8618881226225,12.64834790666,8.15649659645607,1.34990273595253,2.64969034588044,-1.74018247126036,15.5279978119078,7.48521874874989
1966,-2.65143635414719,3.53974736466064,3.29012372210113,8.61165884740011,12.9656782108997,16.8673117445291,15.5526797152131,15.5416016611639,13.1805323985565,11.0672500648892,2.21408556445243,1.9744741182742,-2.65143635414719,16.8673117445291,8.5128089214994
1967,0.727085455606009,2.78441821586758,5.40993767844534,6.47446825731295,12.5138195884489,14.7094475904472,18.6378545532692,16.3705832772821,13.7521723234246,11.1419505279052,3.8483920034161,0.354418187958236,0.354418187958236,18.6378545532692,8.89371230494861
1968,-1.08483518139675,0.683583447529047,4.40269660036338,8.99235088737744,10.898014529602,16.0063957041945,16.1887971912041,16.3654384696751,13.4280921454746,10.174632364228,3.72108857587014,-2.01012550829884,-2.01012550829884,16.3654384696751,8.14717743548524
1969,0.449280915872878,-2.11054861388266,0.872080334242248,6.99127414506716,12.9260569964527,14.8292802460487,18.4449775748459,16.5223040275968,13.7703142312512,9.99441059661795,5.09186219484626,-4.68384886534581,-4.68384886534581,18.4449775748459,7.75812031530111
1970,-2.56156995615443,-1.13865917952124,1.16186216693692,5.32473297739623,11.4115276735054,17.1757961836769,16.1229989701454,16.7711905845053,13.1719773487802,8.93114040351323,5.76155237327067,0.461723457520589,-2.56156995615443,17.1757961836769,7.7161894169646
1971,-1.08588289799416,1.35867408310843,0.955157227262959,8.20287856925563,13.9651660745235,13.9011615867018,18.0283115128816,17.8430401085115,12.0374713580405,8.83508622590377,3.52154377719416,3.56714763761398,-1.08588289799416,18.0283115128816,8.4274796052503
1972,-2.33815541594684,1.9464202085944,5.28018409000204,7.22264675428339,11.3065307853967,14.4504773892488,17.6874929877785,15.7473071673974,10.6793568571851,6.7419167576046,4.26118648183242,0.795263506027022,-2.33815541594684,17.6874929877785,7.8150522974503
1973,0.0357783775184694,1.03071171606155,3.90924580592404,5.13672059681331,12.4989051166192,16.1510341805678,17.2128927192907,17.7095645305789,14.1134843972839,7.31730909314184,3.31811790579482,0.149753700080658,0.0357783775184694,17.7095645305789,8.21529317830626
1974,3.31031166359199,3.15774386482949,5.64884134377887,7.95749882083041,10.9737308925686,14.0819691713438,15.2888597081241,17.1084021065969,13.1931156032743,5.49676977306916,4.85401406072514,4.80727066198162,3.15774386482949,17.1084021065969,8.8232106392262
1975,4.49963801586925,1.35316477953017,3.58652369642453,6.76949146392857,11.792743292688,14.7447344845005,18.1940801500406,18.8420892373215,15.473464916565,7.53803987128213,3.0638987114258,1.21952983927012,1.21952983927012,18.8420892373215,8.92311653823719
1976,1.15844020284508,0.443336505694901,1.32046173210942,6.91157539847559,12.8450105078662,17.3749337850925,19.3308032586945,16.1835792611282,12.688519493278,9.48104900042701,4.81136552024404,-1.0388489630285,-1.0388489630285,19.3308032586945,8.45918547523558
1977,0.395529761123965,3.02615551642046,6.11900933009213,5.63748866183091,11.6752968855968,15.4704320086631,16.4825195435148,15.9043069692411,11.8682799195095,10.1479158700876,5.10289503576582,2.11433451575901,0.395529761123965,16.4825195435148,8.66201366813377
1978,0.742244971434791,-1.3938245004926,4.83584061534511,6.51706991010402,11.5801210148952,14.7607044875427,15.5039555906593,15.1191954853853,12.1780361872493,9.09431765851807,4.17459329115302,0.278925936986294,-1.3938245004926,15.5039555906593,7.78259838739837
1979,-4.49839074749583,-1.79970109097607,3.65634197871634,6.33680990669908,12.3465424515005,16.5269849819845,15.3189939799555,15.4549914457875,13.0681568393231,8.64531974334572,3.69030290005945,3.82184519805863,-4.49839074749583,16.5269849819845,7.71401646557988
1980,-2.65315836038213,2.13111277326732,3.30916570612024,6.01803613143066,10.7095335512122,14.6926277480233,15.082771006662,16.638910363575,13.9048375257813,7.96149795005903,3.04131475315585,0.668800149594058,-2.65315836038213,16.638910363575,7.62545410820823
1981,-1.50808561468924,-0.406803180548307,6.79313430253166,7.8025196551522,13.1711459295624,15.2914686731621,16.3528128427616,16.4047956617723,13.9768606458779,8.10914002952808,4.56461514416569,-2.21092427358967,-2.21092427358967,16.4047956617723,8.19505665130723
1982,-2.25471877154252,-0.105880218697583,4.1758500487018,6.5125352006542,12.4419932291943,16.2733934686564,18.9104950279512,17.2883458971876,15.6888267751038,9.64888376597461,5.99605166576892,2.23414568116929,-2.25471877154252,18.9104950279512,8.90082681417683
1983,3.97028548463172,-1.67925833721738,4.54299377900827,8.56567569905918,11.3258521419022,16.2674543612529,20.3930128969057,18.1407705210395,13.7132915437493,9.16478846116276,3.45967379564224,0.667542554765101,-1.67925833721738,20.3930128969057,9.04434024182512
1984,1.06608764090728,-0.306137821899342,1.98402329871645,6.77607862619068,10.8334348302973,13.744203648867,15.8586760367622,17.007087018529,12.3035288568614,10.2285381367167,4.93938733418364,1.19204444283191,-0.306137821899342,17.007087018529,7.96891267074701
1985,-5.49937343533267,-3.08348241572077,2.82114439454875,7.62497830048869,13.3486370474152,13.5274583243791,17.3553738037359,16.2129892856046,13.4647237114956,8.79357359553227,0.833938035684881,3.66345216199697,-5.49937343533267,17.3553738037359,7.42195106748571
1986,0.105865984934539,-6.43660533124199,3.01305236071146,6.2643028386589,14.144348498338,15.9063767258438,17.0311995713125,16.2738391808051,11.3111779694839,9.61500629355601,5.86456239551441,2.04738001077301,-6.43660533124199,17.0311995713125,7.92837554155747
1987,-5.91495801039902,-0.317684473755453,-0.455281702916247,9.06886182923392,9.68296441838332,13.8949537123608,16.9237006109354,15.4966455765093,14.507319224232,9.35538413019149,4.90014094216348,2.14604231614025,-5.91495801039902,16.9237006109354,7.4406740477566
1988,3.50136727853242,2.06579096463049,2.71186119011005,7.97722793278315,14.214063236981,15.0174905038473,17.0219772092335,16.9749139694616,13.2144458740228,9.68333840352997,3.00740323134331,3.38220360979395,2.06579096463049,17.0219772092335,9.06434028368913
1989,2.45892917446965,3.35033840073904,6.97411771601131,7.14945004646905,13.7899783144434,15.322839607818,17.7302233026238,16.9764180037566,14.4428162756103,10.3784467336305,2.68584075489181,2.42567659215803,2.42567659215803,17.7302233026238,9.47375624355178
1990,2.53046918390301,5.74145625350611,6.92110057688604,7.39008911452039,13.8880140551433,15.1808614496669,16.6772580748696,18.2966279936255,11.795450219507,10.182616947109,4.46974013614176,0.770756594279144,0.770756594279144,18.2966279936255,9.48703671659647
1991,1.49956461430689,-2.4051035017848,6.4339413848056,7.04783828212435,9.5495561019584,13.5058601239733,19.1678389519485,17.9132195376539,14.7575889679964,8.16403546718839,3.95544413527099,0.682290966025961,-2.4051035017848,19.1678389519485,8.35600625262231
1992,0.974529936952802,2.86523780152553,4.85623676050717,7.80287075464063,14.5079996539242,17.2966874405182,18.6473169356662,19.0861231974055,13.365444051543,6.47285760934181,5.42386695059768,1.25714632587503,0.974529936952802,19.0861231974055,9.37969311820815
1993,2.47098321811428,-0.667247273955284,3.64923793549035,10.362347231254,14.633620706497,15.6554287851344,16.0912961934452,15.7911502276007,12.233108011934,7.85705450414872,0.360660111693176,3.23400808812653,-0.667247273955284,16.0912961934452,8.47263731162359
1994,2.96338434230247,-0.185816473766616,6.34284223129586,7.93747917265555,12.5560196258474,15.9363895920492,21.3447534628513,17.8349589593166,13.2433239464922,7.63889333887799,7.24440878251089,3.61761414222041,-0.185816473766616,21.3447534628513,9.70618759355443
1995,0.180054032480889,4.58335459094677,3.11298202917642,8.4836214042305,12.2406957240101,14.3445427473395,20.0743069413318,18.2685174279869,12.5845558089103,11.7785525100264,2.96810632341901,-1.8168826384373,-1.8168826384373,20.0743069413318,8.90020057511845
1996,-2.8147188273612,-2.17736747947966,0.996070644119642,8.4148829342763,11.1545546646274,15.6517921982233,15.8913924806658,17.1479903880235,10.9065009224037,9.17898454659883,4.47606355514746,-2.36064838977067,-2.8147188273612,17.1479903880235,7.2054581364562
1997,-2.62251446401509,4.09745941284332,5.82681696776192,6.36063694694155,12.6621063736558,15.8571993536197,17.153962149354,19.8114467364214,13.7039687080488,7.6602551471799,3.98207718048691,2.20202147344566,-2.62251446401509,19.8114467364214,8.89128633214533
1998,2.38962609858137,4.3396968487565,4.9854851899091,8.84942464897028,14.0355573355512,16.4591719857216,16.4130833400781,16.7335492585884,13.3518524823962,8.70154645649074,1.54969871868223,0.991880335916808,0.991880335916808,16.7335492585884,9.06671439163687
1999,2.60937446797822,0.388531773387329,5.39890511661917,8.89115720493549,13.7709779153398,15.2360708673944,18.9824882850548,17.1667557904902,16.8232155466184,8.99002129482589,3.46136677616431,2.06858748042858,0.388531773387329,18.9824882850548,9.48228770993638
2000,1.05708659988892,3.86904100719224,5.16965305900313,10.1459443543593,14.6239277929574,17.0000122801093,15.295815273665,17.5950896308432,13.9077554472053,10.558673804015,6.09978593536755,3.11562029902066,1.05708659988892,17.5950896308432,9.86986712363558
2001,0.874394576657187,2.25770060535357,4.23114905540841,7.10474793680209,14.3968574083946,14.3430255956551,18.5613450068797,18.5928348353209,11.7747568398813,12.4821341155391,3.81739979849457,-0.206044604706073,-0.206044604706073,18.5928348353209,9.01919176414003
2002,1.19361434316765,5.04891976902231,5.38499259007042,8.05957415930093,13.7645545808994,17.3919238744861,17.7048657142139,18.7944703226041,13.1452429926626,8.29142234365886,5.55415611926219,0.343034247550257,0.343034247550257,18.7944703226041,9.5563975880749
2003,-0.250984222850493,-1.84609450660474,5.33912917279509,8.50267371470515,14.1477082246032,19.3613899409159,19.1135234703589,20.6349000706106,13.8479292665705,5.93764327957064,6.02693111695967,1.8182903855117,-1.84609450660474,20.6349000706106,9.38608665942884
2004,-0.0524743024758375,2.43898990519197,4.12955961853515,9.34344674758514,11.5995648934003,15.2830788466745,16.7430024309035,18.4684596556546,14.2183847190785,10.1915052343966,4.20799239749597,1.07852041428623,-0.0524743024758375,18.4684596556546,8.97083588006054
2005,2.03522409803993,-1.0260857430722,3.63090401140934,9.26197771160163,12.7552138832217,16.3809091746371,18.018782706257,15.7756144938781,14.9850771553685,10.9886537372001,4.16876219289261,0.872512929001432,-1.0260857430722,18.018782706257,8.98729552920294
2006,-2.59079242987081,-0.340958071799566,1.52424902945273,8.04007306665029,13.0635668693815,16.8201820805296,21.9962506593581,15.53813922853,16.9025913821542,12.1413552216978,7.03267485898806,4.42605169367826,-2.59079242987081,21.9962506593581,9.54611529906253
2007,4.76095204338228,3.96251357091624,6.19535337409958,11.516758162784,14.1567659215803,17.3827422600425,17.2404297480066,16.8578298255945,12.5810470467733,8.34615199984371,3.66804687652629,1.5900849281195,1.5900849281195,17.3827422600425,9.8548896464724
2008,3.65041543051551,3.74213221770401,4.24777855613824,7.64072223788246,14.5114813440021,16.9430621568896,18.0171756865,17.3778620329721,12.4334144564796,9.08373862345557,5.05667996081529,1.0643589364309,1.0643589364309,18.0171756865,9.48073513664878
2009,-2.16749985347597,0.535972068333227,4.31621504704119,11.831878047351,13.6170026485963,14.8104933533908,18.014326701144,18.6519057892343,14.6861131500434,8.16483199973207,7.38321504425026,0.318697582772123,-2.16749985347597,18.6519057892343,9.18026263153439
2010,-3.64857173956121,-0.471602247260001,4.20051381093655,8.6831971822731,10.4287985308524,16.327757233403,20.3247167899794,16.6966600893657,12.3842348515084,8.12679743122441,4.76128444361337,-3.66171564290559,-3.66171564290559,20.3247167899794,7.84600589445246
2011,0.954217519808653,0.925732969023424,4.90843196958998,11.5882102577986,13.8754258267444,16.5431017881514,16.0980109013879,17.7243701559853,15.2153947915591,9.38522730761395,4.49928691638083,3.90305411899984,0.925732969023424,17.7243701559853,9.63503871025361
2012,1.90852072128896,-2.49767822206345,6.93747470716126,8.14695662609579,14.2101743496426,15.4744816537958,17.3878826021552,18.4276838318406,13.6325897355032,8.71864455502745,5.20111023351744,1.48501994122293,-2.49767822206345,18.4276838318406,9.08607172793232
2013,0.199513261122569,-0.717078841092595,0.0708966991624407,8.10426426795198,11.7802555379107,15.6630692458617,19.4535666740161,17.9330080964993,13.267746292942,10.6419371314223,4.62750716572287,3.56142985127113,-0.717078841092595,19.4535666740161,8.71550961523254
2014,2.11629375137802,4.33941608080312,6.93643675883261,10.7717216992322,12.4004013362992,16.0896989419569,19.2963595057814,15.9606609489734,14.9232755516979,11.8829094369849,6.46721629458866,2.72903464386288,2.11629375137802,19.2963595057814,10.3261187458659
2015,2.18813518167584,0.718744749555544,5.17893849618898,8.41524129019294,12.3455318543244,15.819382757052,19.389175641845,19.866404132815,12.9557173677028,8.38414386706224,7.50516127411716,6.48801740426399,0.718744749555544,19.866404132815,9.93788283473299
2016,1.01081570625979,3.32751805036519,4.01297058634731,7.8945562833691,13.6892515552479,16.9854913299637,18.6077841938248,17.723461706991,16.8473521014337,8.48708132502379,3.83299553729665,2.16285127392179,1.01081570625979,18.6077841938248,9.5485108041704
2017,-2.14814444757649,2.89520880372199,7.19584736940522,7.41681314418244,14.1275163758048,17.7598264597282,18.0556406170197,17.8662238384831,12.7870796504634,11.1392756968264,5.11462533107454,2.71447796976302,-2.14814444757649,18.0556406170197,9.57703256740803
2018,3.72273215686165,-1.8666106619258,2.36241002726742,12.3246034780619,16.0301152934807,17.7292015417119,20.2908457367089,19.9050024699765,15.0861156618839,10.7195410030058,5.21178806764107,3.89690876157889,-1.8666106619258,20.2908457367089,10.4510544613544
2019,0.630300053306838,3.94905568750471,6.57762871089553,9.61533590285317,10.9858000072564,19.7773334300857,18.8998936654173,19.06486884006,14.0510177140577,10.8058221672718,5.21501047995691,3.75324404205379,0.630300053306838,19.7773334300857,10.27710922506
